timeStamp,elapsed,label,responseCode,responseMessage,threadName,dataType,success,failureMessage,bytes,sentBytes,grpThreads,allThreads,URL,Latency,IdleTime,Connect
1559634721782,617,Search_99 /,200,OK,Thread Group 1-1,text,true,,1463,326,3,3,http://demo.borland.com/,616,0,463
1559634721849,550,Search_99 /,200,OK,Thread Group 1-3,text,true,,1463,326,3,3,http://demo.borland.com/,549,0,390
1559634721782,617,Search_99 /,200,OK,Thread Group 1-2,text,true,,1463,326,3,3,http://demo.borland.com/,616,0,457
1559634722403,136,Search_105 /TestSite/Index.html,200,OK,Thread Group 1-3,text,true,,1726,380,3,3,http://demo.borland.com/TestSite/Index.html,135,0,0
1559634722403,136,Search_105 /TestSite/Index.html,200,OK,Thread Group 1-2,text,true,,1726,380,3,3,http://demo.borland.com/TestSite/Index.html,136,0,0
1559634722403,142,Search_105 /TestSite/Index.html,200,OK,Thread Group 1-1,text,true,,1726,380,3,3,http://demo.borland.com/TestSite/Index.html,142,0,0
1559634722540,136,Search_111 /ShopItV60/default.asp,200,OK,Thread Group 1-2,text,true,,1900,401,3,3,http://demo.borland.com/ShopItV60/default.asp,136,0,0
1559634722540,135,Search_111 /ShopItV60/default.asp,200,OK,Thread Group 1-3,text,true,,1900,401,3,3,http://demo.borland.com/ShopItV60/default.asp,135,0,0
1559634722546,142,Search_111 /ShopItV60/default.asp,200,OK,Thread Group 1-1,text,true,,1900,401,3,3,http://demo.borland.com/ShopItV60/default.asp,142,0,0
1559634722678,136,Search_119 /ShopItV60/main.asp,200,OK,Thread Group 1-3,text,true,,1251,468,3,3,http://demo.borland.com/ShopItV60/main.asp?from=welcome,135,0,0
1559634722678,140,Search_119 /ShopItV60/main.asp,200,OK,Thread Group 1-2,text,true,,1251,468,3,3,http://demo.borland.com/ShopItV60/main.asp?from=welcome,140,0,0
1559634722688,142,Search_119 /ShopItV60/main.asp,200,OK,Thread Group 1-1,text,true,,1251,468,3,3,http://demo.borland.com/ShopItV60/main.asp?from=welcome,142,0,0
1559634722815,144,Search_121 /ShopItV60/main.asp,200,OK,Thread Group 1-3,text,true,,1693,566,3,3,http://demo.borland.com/ShopItV60/main.asp,144,0,0
1559634722820,140,Search_121 /ShopItV60/main.asp,200,OK,Thread Group 1-2,text,true,,1693,566,3,3,http://demo.borland.com/ShopItV60/main.asp,140,0,0
1559634722831,143,Search_121 /ShopItV60/main.asp,200,OK,Thread Group 1-1,text,true,,1693,566,3,3,http://demo.borland.com/ShopItV60/main.asp,143,0,0
1559634722961,138,Search_122 /ShopItV60/search.asp,200,OK,Thread Group 1-2,text,true,,1438,468,3,3,http://demo.borland.com/ShopItV60/search.asp,137,0,0
1559634722961,142,Search_122 /ShopItV60/search.asp,200,OK,Thread Group 1-3,text,true,,1438,468,3,3,http://demo.borland.com/ShopItV60/search.asp,141,0,0
1559634722976,142,Search_122 /ShopItV60/search.asp,200,OK,Thread Group 1-1,text,true,,1438,468,3,3,http://demo.borland.com/ShopItV60/search.asp,142,0,0
1559634723100,325,Search_126 /ShopItV60/checkselection.asp,200,OK,Thread Group 1-2,text,true,,2246,1009,3,3,http://demo.borland.com/ShopItV60/product.asp?code=10,136,0,0
1559634723100,136,Search_126 /ShopItV60/checkselection.asp-0,302,Object moved,Thread Group 1-2,text,true,,430,515,3,3,http://demo.borland.com/ShopItV60/checkselection.asp?product=pants&Button=Submit+with+GET,136,0,0
1559634723239,186,Search_126 /ShopItV60/checkselection.asp-1,200,OK,Thread Group 1-2,text,true,,1816,494,3,3,http://demo.borland.com/ShopItV60/product.asp?code=10,186,0,0
1559634723104,349,Search_126 /ShopItV60/checkselection.asp,200,OK,Thread Group 1-3,text,true,,2241,1008,3,3,http://demo.borland.com/ShopItV60/product.asp?code=8,155,0,0
1559634723104,155,Search_126 /ShopItV60/checkselection.asp-0,302,Object moved,Thread Group 1-3,text,true,,428,515,3,3,http://demo.borland.com/ShopItV60/checkselection.asp?product=parka&Button=Submit+with+GET,155,0,0
1559634723260,193,Search_126 /ShopItV60/checkselection.asp-1,200,OK,Thread Group 1-3,text,true,,1813,493,3,3,http://demo.borland.com/ShopItV60/product.asp?code=8,193,0,0
1559634723119,354,Search_126 /ShopItV60/checkselection.asp,200,OK,Thread Group 1-1,text,true,,2241,1008,3,3,http://demo.borland.com/ShopItV60/product.asp?code=8,144,0,0
1559634723119,144,Search_126 /ShopItV60/checkselection.asp-0,302,Object moved,Thread Group 1-1,text,true,,428,515,3,3,http://demo.borland.com/ShopItV60/checkselection.asp?product=parka&Button=Submit+with+GET,144,0,0
1559634723264,209,Search_126 /ShopItV60/checkselection.asp-1,200,OK,Thread Group 1-1,text,true,,1813,493,3,3,http://demo.borland.com/ShopItV60/product.asp?code=8,209,0,0
1559634723433,173,Search_127 /ShopItV60/product.asp,200,OK,Thread Group 1-2,text,true,,3208,494,3,3,http://demo.borland.com/ShopItV60/product.asp?code=10,164,0,0
1559634723603,3,Search_127 /ShopItV60/product.asp-0,200,OK,Thread Group 1-2,text,true,,1392,0,0,0,null,0,0,0
1559634721709,1805,Search_99 /,200,"Number of samples in transaction : 8, number of failing samples : 0",Thread Group 1-2,,true,,14925,4112,3,3,null,1605,93,457
1559634723454,173,Search_127 /ShopItV60/product.asp,200,OK,Thread Group 1-3,text,true,,3202,493,3,3,http://demo.borland.com/ShopItV60/product.asp?code=8,169,0,0
1559634723626,1,Search_127 /ShopItV60/product.asp-0,200,OK,Thread Group 1-3,text,true,,1389,0,0,0,null,0,0,0
1559634721848,1765,Search_99 /,200,"Number of samples in transaction : 8, number of failing samples : 0",Thread Group 1-3,,true,,14914,4110,3,3,null,1563,14,390
1559634723473,174,Search_127 /ShopItV60/product.asp,200,OK,Thread Group 1-1,text,true,,3202,493,3,3,http://demo.borland.com/ShopItV60/product.asp?code=8,173,0,0
1559634723646,1,Search_127 /ShopItV60/product.asp-0,200,OK,Thread Group 1-1,text,true,,1389,0,0,0,null,0,0,0
1559634721708,1856,Search_99 /,200,"Number of samples in transaction : 8, number of failing samples : 0",Thread Group 1-1,,true,,14914,4110,3,3,null,1644,83,463
1559634723608,164,Buy_23 /ShopItV60/basket.asp,200,OK,Thread Group 1-2,text,true,,1652,501,3,3,http://demo.borland.com/ShopItV60/basket.asp?code=10,164,0,0
1559634723607,164,Buy_19 /ShopItV60/main.asp,200,"Number of samples in transaction : 1, number of failing samples : 0",Thread Group 1-2,,true,,1652,501,3,3,null,164,4,0
1559634723628,169,Buy_23 /ShopItV60/basket.asp,200,OK,Thread Group 1-3,text,true,,1653,500,3,3,http://demo.borland.com/ShopItV60/basket.asp?code=8,169,0,0
1559634723627,169,Buy_19 /ShopItV60/main.asp,200,"Number of samples in transaction : 1, number of failing samples : 0",Thread Group 1-3,,true,,1653,500,3,3,null,169,2,0
1559634723647,173,Buy_23 /ShopItV60/basket.asp,200,OK,Thread Group 1-1,text,true,,1653,500,3,3,http://demo.borland.com/ShopItV60/basket.asp?code=8,173,0,0
1559634723647,173,Buy_19 /ShopItV60/main.asp,200,"Number of samples in transaction : 1, number of failing samples : 0",Thread Group 1-1,,true,,1653,500,3,3,null,173,1,0
1559634723776,136,Checkout_42 /ShopItV60/main.asp,200,OK,Thread Group 1-2,text,true,,1611,503,3,3,http://demo.borland.com/ShopItV60/main.asp,136,0,0
1559634723798,136,Checkout_42 /ShopItV60/main.asp,200,OK,Thread Group 1-3,text,true,,1611,502,3,3,http://demo.borland.com/ShopItV60/main.asp,136,0,0
1559634723822,256,Checkout_42 /ShopItV60/main.asp,200,OK,Thread Group 1-1,text,true,,1611,502,3,3,http://demo.borland.com/ShopItV60/main.asp,256,0,127
1559634723914,272,Checkout_43 /ShopItV60/checkout.asp,200,OK,Thread Group 1-2,text,true,,2017,498,3,3,http://demo.borland.com/ShopItV60/checkout.asp,271,0,133
1559634723935,259,Checkout_43 /ShopItV60/checkout.asp,200,OK,Thread Group 1-3,text,true,,2019,497,3,3,http://demo.borland.com/ShopItV60/checkout.asp,258,0,127
1559634724079,130,Checkout_43 /ShopItV60/checkout.asp,200,OK,Thread Group 1-1,text,true,,2018,497,3,3,http://demo.borland.com/ShopItV60/checkout.asp,130,0,0
1559634724201,133,Checkout_44 /ShopItV60/kindofpayment.asp,200,OK,Thread Group 1-3,text,true,,567,549,3,3,http://demo.borland.com/ShopItV60/kindofpayment.asp?choice=CreditCard&price=89.9&sid=750610626,133,0,0
1559634724211,127,Checkout_44 /ShopItV60/kindofpayment.asp,200,OK,Thread Group 1-1,text,true,,567,549,3,3,http://demo.borland.com/ShopItV60/kindofpayment.asp?choice=CreditCard&price=89.9&sid=750610627,127,0,0
1559634724201,140,Checkout_44 /ShopItV60/kindofpayment.asp,200,OK,Thread Group 1-2,text,true,,567,550,3,3,http://demo.borland.com/ShopItV60/kindofpayment.asp?choice=CreditCard&price=39.9&sid=750610625,140,0,0
1559634724335,137,Checkout_45 /ShopItV60/card.asp,200,OK,Thread Group 1-3,text,true,,2174,559,3,3,http://demo.borland.com/ShopItV60/card.asp?sid=750610626,136,0,0
1559634724339,137,Checkout_45 /ShopItV60/card.asp,200,OK,Thread Group 1-1,text,true,,2173,559,3,3,http://demo.borland.com/ShopItV60/card.asp?sid=750610627,136,0,0
1559634724343,142,Checkout_45 /ShopItV60/card.asp,200,OK,Thread Group 1-2,text,true,,2173,560,3,3,http://demo.borland.com/ShopItV60/card.asp?sid=750610625,142,0,0
1559634724473,132,Checkout_47 /ShopItV60/acknowledge.asp,200,OK,Thread Group 1-3,text,true,,1642,716,3,3,http://demo.borland.com/ShopItV60/acknowledge.asp,131,0,0
1559634724477,131,Checkout_47 /ShopItV60/acknowledge.asp,200,OK,Thread Group 1-1,text,true,,1642,716,3,3,http://demo.borland.com/ShopItV60/acknowledge.asp,130,0,0
1559634724486,138,Checkout_47 /ShopItV60/acknowledge.asp,200,OK,Thread Group 1-2,text,true,,1642,717,3,3,http://demo.borland.com/ShopItV60/acknowledge.asp,138,0,0
1559634724606,129,Checkout_48 /ShopItV60/thanks.asp,200,OK,Thread Group 1-3,text,true,,1268,502,3,3,http://demo.borland.com/ShopItV60/thanks.asp,129,0,0
1559634724608,131,Checkout_48 /ShopItV60/thanks.asp,200,OK,Thread Group 1-1,text,true,,1268,502,3,3,http://demo.borland.com/ShopItV60/thanks.asp,131,0,0
1559634724625,136,Checkout_48 /ShopItV60/thanks.asp,200,OK,Thread Group 1-2,text,true,,1269,503,3,3,http://demo.borland.com/ShopItV60/thanks.asp,136,0,0
1559634724738,129,Checkout_49 /ShopItV60/fin.asp,200,OK,Thread Group 1-3,text,true,,1320,412,3,3,http://demo.borland.com/ShopItV60/fin.asp,129,0,0
1559634724741,129,Checkout_49 /ShopItV60/fin.asp,200,OK,Thread Group 1-1,text,true,,1320,412,3,3,http://demo.borland.com/ShopItV60/fin.asp,129,0,0
1559634724763,135,Checkout_49 /ShopItV60/fin.asp,200,OK,Thread Group 1-2,text,true,,1320,412,3,3,http://demo.borland.com/ShopItV60/fin.asp,135,0,0
1559634724869,144,Checkout_50 /ShopItV60/default.asp,200,OK,Thread Group 1-3,text,true,,1833,468,3,3,http://demo.borland.com/ShopItV60/default.asp,144,0,0
1559634723798,1199,Checkout_42 /ShopItV60/main.asp,200,"Number of samples in transaction : 8, number of failing samples : 0",Thread Group 1-3,,true,,12434,4205,3,3,null,1196,16,127
1559634724871,160,Checkout_50 /ShopItV60/default.asp,200,OK,Thread Group 1-1,text,true,,1833,468,3,3,http://demo.borland.com/ShopItV60/default.asp,160,0,0
1559634723821,1201,Checkout_42 /ShopItV60/main.asp,200,"Number of samples in transaction : 8, number of failing samples : 0",Thread Group 1-1,,true,,12432,4205,3,3,null,1199,11,127
1559634724899,137,Checkout_50 /ShopItV60/default.asp,200,OK,Thread Group 1-2,text,true,,1833,468,3,3,http://demo.borland.com/ShopItV60/default.asp,137,0,0
1559634723775,1236,Checkout_42 /ShopItV60/main.asp,200,"Number of samples in transaction : 8, number of failing samples : 0",Thread Group 1-2,,true,,12432,4211,3,3,null,1235,26,133
1559634725037,254,Search_99 /,200,OK,Thread Group 1-3,text,true,,1463,326,3,3,http://demo.borland.com/,254,0,126
1559634725039,272,Search_99 /,200,OK,Thread Group 1-2,text,true,,1463,326,3,3,http://demo.borland.com/,272,0,135
1559634725038,275,Search_99 /,200,OK,Thread Group 1-1,text,true,,1463,326,3,3,http://demo.borland.com/,275,0,136
1559634725292,129,Search_105 /TestSite/Index.html,200,OK,Thread Group 1-3,text,true,,1726,380,3,3,http://demo.borland.com/TestSite/Index.html,129,0,0
1559634725312,139,Search_105 /TestSite/Index.html,200,OK,Thread Group 1-2,text,true,,1726,380,3,3,http://demo.borland.com/TestSite/Index.html,139,0,0
1559634725314,140,Search_105 /TestSite/Index.html,200,OK,Thread Group 1-1,text,true,,1726,380,3,3,http://demo.borland.com/TestSite/Index.html,140,0,0
1559634725422,129,Search_111 /ShopItV60/default.asp,200,OK,Thread Group 1-3,text,true,,1900,401,3,3,http://demo.borland.com/ShopItV60/default.asp,129,0,0
1559634725452,138,Search_111 /ShopItV60/default.asp,200,OK,Thread Group 1-2,text,true,,1900,401,3,3,http://demo.borland.com/ShopItV60/default.asp,138,0,0
1559634725455,139,Search_111 /ShopItV60/default.asp,200,OK,Thread Group 1-1,text,true,,1900,401,3,3,http://demo.borland.com/ShopItV60/default.asp,139,0,0
1559634725552,130,Search_119 /ShopItV60/main.asp,200,OK,Thread Group 1-3,text,true,,1251,468,3,3,http://demo.borland.com/ShopItV60/main.asp?from=welcome,130,0,0
1559634725591,138,Search_119 /ShopItV60/main.asp,200,OK,Thread Group 1-2,text,true,,1251,468,3,3,http://demo.borland.com/ShopItV60/main.asp?from=welcome,138,0,0
1559634725595,139,Search_119 /ShopItV60/main.asp,200,OK,Thread Group 1-1,text,true,,1251,468,3,3,http://demo.borland.com/ShopItV60/main.asp?from=welcome,139,0,0
1559634725683,129,Search_121 /ShopItV60/main.asp,200,OK,Thread Group 1-3,text,true,,1693,566,3,3,http://demo.borland.com/ShopItV60/main.asp,129,0,0
1559634725729,141,Search_121 /ShopItV60/main.asp,200,OK,Thread Group 1-2,text,true,,1693,566,3,3,http://demo.borland.com/ShopItV60/main.asp,141,0,0
1559634725734,139,Search_121 /ShopItV60/main.asp,200,OK,Thread Group 1-1,text,true,,1693,566,3,3,http://demo.borland.com/ShopItV60/main.asp,139,0,0
1559634725814,128,Search_122 /ShopItV60/search.asp,200,OK,Thread Group 1-3,text,true,,1438,468,3,3,http://demo.borland.com/ShopItV60/search.asp,128,0,0
1559634725871,139,Search_122 /ShopItV60/search.asp,200,OK,Thread Group 1-2,text,true,,1438,468,3,3,http://demo.borland.com/ShopItV60/search.asp,138,0,0
1559634725874,140,Search_122 /ShopItV60/search.asp,200,OK,Thread Group 1-1,text,true,,1438,468,3,3,http://demo.borland.com/ShopItV60/search.asp,139,0,0
1559634725943,284,Search_126 /ShopItV60/checkselection.asp,200,OK,Thread Group 1-3,text,true,,2241,1008,3,3,http://demo.borland.com/ShopItV60/product.asp?code=9,127,0,0
1559634725943,127,Search_126 /ShopItV60/checkselection.asp-0,302,Object moved,Thread Group 1-3,text,true,,428,515,3,3,http://demo.borland.com/ShopItV60/checkselection.asp?product=shirt&Button=Submit+with+GET,127,0,0
1559634726071,156,Search_126 /ShopItV60/checkselection.asp-1,200,OK,Thread Group 1-3,text,true,,1813,493,3,3,http://demo.borland.com/ShopItV60/product.asp?code=9,156,0,0
1559634726011,320,Search_126 /ShopItV60/checkselection.asp,200,OK,Thread Group 1-2,text,true,,2241,1008,3,3,http://demo.borland.com/ShopItV60/product.asp?code=8,136,0,0
1559634726011,136,Search_126 /ShopItV60/checkselection.asp-0,302,Object moved,Thread Group 1-2,text,true,,428,515,3,3,http://demo.borland.com/ShopItV60/checkselection.asp?product=parka&Button=Submit+with+GET,136,0,0
1559634726148,183,Search_126 /ShopItV60/checkselection.asp-1,200,OK,Thread Group 1-2,text,true,,1813,493,3,3,http://demo.borland.com/ShopItV60/product.asp?code=8,183,0,0
1559634726015,324,Search_126 /ShopItV60/checkselection.asp,200,OK,Thread Group 1-1,text,true,,2247,1009,3,3,http://demo.borland.com/ShopItV60/product.asp?code=10,137,0,0
1559634726015,138,Search_126 /ShopItV60/checkselection.asp-0,302,Object moved,Thread Group 1-1,text,true,,430,515,3,3,http://demo.borland.com/ShopItV60/checkselection.asp?product=pants&Button=Submit+with+GET,137,0,0
1559634726153,186,Search_126 /ShopItV60/checkselection.asp-1,200,OK,Thread Group 1-1,text,true,,1817,494,3,3,http://demo.borland.com/ShopItV60/product.asp?code=10,186,0,0
1559634726229,156,Search_127 /ShopItV60/product.asp,200,OK,Thread Group 1-3,text,true,,3266,493,3,3,http://demo.borland.com/ShopItV60/product.asp?code=9,155,0,0
1559634726383,1,Search_127 /ShopItV60/product.asp-0,200,OK,Thread Group 1-3,text,true,,1453,0,0,0,null,0,0,0
1559634725016,1339,Search_99 /,200,"Number of samples in transaction : 8, number of failing samples : 0",Thread Group 1-3,,true,,14978,4110,3,3,null,1181,30,126
1559634726331,172,Search_127 /ShopItV60/product.asp,200,OK,Thread Group 1-2,text,true,,3265,493,3,3,http://demo.borland.com/ShopItV60/product.asp?code=8,171,0,0
1559634726503,0,Search_127 /ShopItV60/product.asp-0,200,OK,Thread Group 1-2,text,true,,1452,0,0,0,null,0,0,0
1559634725039,1459,Search_99 /,200,"Number of samples in transaction : 8, number of failing samples : 0",Thread Group 1-2,,true,,14977,4110,3,3,null,1273,6,135
1559634726351,173,Search_127 /ShopItV60/product.asp,200,OK,Thread Group 1-1,text,true,,3274,494,3,3,http://demo.borland.com/ShopItV60/product.asp?code=10,171,0,0
1559634726523,1,Search_127 /ShopItV60/product.asp-0,200,OK,Thread Group 1-1,text,true,,1457,0,0,0,null,0,0,0
1559634725035,1469,Search_99 /,200,"Number of samples in transaction : 8, number of failing samples : 0",Thread Group 1-1,,true,,14992,4112,3,3,null,1279,21,136
1559634726384,153,Buy_23 /ShopItV60/basket.asp,200,OK,Thread Group 1-3,text,true,,1652,500,3,3,http://demo.borland.com/ShopItV60/basket.asp?code=9,153,0,0
1559634726384,153,Buy_19 /ShopItV60/main.asp,200,"Number of samples in transaction : 1, number of failing samples : 0",Thread Group 1-3,,true,,1652,500,3,3,null,153,2,0
1559634726504,168,Buy_23 /ShopItV60/basket.asp,200,OK,Thread Group 1-2,text,true,,1653,500,3,3,http://demo.borland.com/ShopItV60/basket.asp?code=8,168,0,0
1559634726504,168,Buy_19 /ShopItV60/main.asp,200,"Number of samples in transaction : 1, number of failing samples : 0",Thread Group 1-2,,true,,1653,500,3,3,null,168,1,0
1559634726540,137,Checkout_42 /ShopItV60/main.asp,200,OK,Thread Group 1-3,text,true,,1611,502,3,3,http://demo.borland.com/ShopItV60/main.asp,137,0,0
1559634726525,170,Buy_23 /ShopItV60/basket.asp,200,OK,Thread Group 1-1,text,true,,1652,501,3,3,http://demo.borland.com/ShopItV60/basket.asp?code=10,170,0,0
1559634726524,170,Buy_19 /ShopItV60/main.asp,200,"Number of samples in transaction : 1, number of failing samples : 0",Thread Group 1-1,,true,,1652,501,3,3,null,170,2,0
1559634726678,131,Checkout_43 /ShopItV60/checkout.asp,200,OK,Thread Group 1-3,text,true,,2017,497,3,3,http://demo.borland.com/ShopItV60/checkout.asp,130,0,0
1559634726674,140,Checkout_42 /ShopItV60/main.asp,200,OK,Thread Group 1-2,text,true,,1611,502,3,3,http://demo.borland.com/ShopItV60/main.asp,139,0,0
1559634726696,140,Checkout_42 /ShopItV60/main.asp,200,OK,Thread Group 1-1,text,true,,1611,503,3,3,http://demo.borland.com/ShopItV60/main.asp,139,0,0
1559634726820,128,Checkout_44 /ShopItV60/kindofpayment.asp,200,OK,Thread Group 1-3,text,true,,567,549,3,3,http://demo.borland.com/ShopItV60/kindofpayment.asp?choice=CreditCard&price=15.9&sid=750610664,127,0,0
1559634726815,144,Checkout_43 /ShopItV60/checkout.asp,200,OK,Thread Group 1-2,text,true,,2019,497,3,3,http://demo.borland.com/ShopItV60/checkout.asp,143,0,0
1559634726837,142,Checkout_43 /ShopItV60/checkout.asp,200,OK,Thread Group 1-1,text,true,,2017,498,3,3,http://demo.borland.com/ShopItV60/checkout.asp,142,0,0
1559634726948,137,Checkout_45 /ShopItV60/card.asp,200,OK,Thread Group 1-3,text,true,,2174,559,3,3,http://demo.borland.com/ShopItV60/card.asp?sid=750610664,136,0,0
1559634726962,138,Checkout_44 /ShopItV60/kindofpayment.asp,200,OK,Thread Group 1-2,text,true,,567,549,3,3,http://demo.borland.com/ShopItV60/kindofpayment.asp?choice=CreditCard&price=89.9&sid=750610666,137,0,0
1559634726983,138,Checkout_44 /ShopItV60/kindofpayment.asp,200,OK,Thread Group 1-1,text,true,,567,550,3,3,http://demo.borland.com/ShopItV60/kindofpayment.asp?choice=CreditCard&price=39.9&sid=750610667,138,0,0
1559634727086,270,Checkout_47 /ShopItV60/acknowledge.asp,200,OK,Thread Group 1-3,text,true,,1642,716,3,3,http://demo.borland.com/ShopItV60/acknowledge.asp,270,0,134
1559634727100,276,Checkout_45 /ShopItV60/card.asp,200,OK,Thread Group 1-2,text,true,,2174,559,3,3,http://demo.borland.com/ShopItV60/card.asp?sid=750610666,276,0,134
1559634727122,273,Checkout_45 /ShopItV60/card.asp,200,OK,Thread Group 1-1,text,true,,2174,560,3,3,http://demo.borland.com/ShopItV60/card.asp?sid=750610667,273,0,133
1559634727357,136,Checkout_48 /ShopItV60/thanks.asp,200,OK,Thread Group 1-3,text,true,,1268,502,3,3,http://demo.borland.com/ShopItV60/thanks.asp,136,0,0
1559634727377,136,Checkout_47 /ShopItV60/acknowledge.asp,200,OK,Thread Group 1-2,text,true,,1642,716,3,3,http://demo.borland.com/ShopItV60/acknowledge.asp,136,0,0
1559634727396,136,Checkout_47 /ShopItV60/acknowledge.asp,200,OK,Thread Group 1-1,text,true,,1642,717,3,3,http://demo.borland.com/ShopItV60/acknowledge.asp,136,0,0
1559634727494,136,Checkout_49 /ShopItV60/fin.asp,200,OK,Thread Group 1-3,text,true,,1320,412,3,3,http://demo.borland.com/ShopItV60/fin.asp,136,0,0
1559634727514,136,Checkout_48 /ShopItV60/thanks.asp,200,OK,Thread Group 1-2,text,true,,1268,502,3,3,http://demo.borland.com/ShopItV60/thanks.asp,136,0,0
1559634727536,135,Checkout_48 /ShopItV60/thanks.asp,200,OK,Thread Group 1-1,text,true,,1269,503,3,3,http://demo.borland.com/ShopItV60/thanks.asp,134,0,0
1559634727631,136,Checkout_50 /ShopItV60/default.asp,200,OK,Thread Group 1-3,text,true,,1833,468,3,3,http://demo.borland.com/ShopItV60/default.asp,136,0,0
1559634726539,1211,Checkout_42 /ShopItV60/main.asp,200,"Number of samples in transaction : 8, number of failing samples : 0",Thread Group 1-3,,true,,12432,4205,3,3,null,1208,17,134
1559634727651,135,Checkout_49 /ShopItV60/fin.asp,200,OK,Thread Group 1-2,text,true,,1320,412,3,3,http://demo.borland.com/ShopItV60/fin.asp,135,0,0
1559634727672,134,Checkout_49 /ShopItV60/fin.asp,200,OK,Thread Group 1-1,text,true,,1320,412,3,3,http://demo.borland.com/ShopItV60/fin.asp,134,0,0
1559634727786,136,Checkout_50 /ShopItV60/default.asp,200,OK,Thread Group 1-2,text,true,,1833,468,3,3,http://demo.borland.com/ShopItV60/default.asp,136,0,0
1559634726673,1241,Checkout_42 /ShopItV60/main.asp,200,"Number of samples in transaction : 8, number of failing samples : 0",Thread Group 1-2,,true,,12434,4205,3,3,null,1238,8,134
1559634727808,135,Checkout_50 /ShopItV60/default.asp,200,OK,Thread Group 1-1,text,true,,1833,468,3,3,http://demo.borland.com/ShopItV60/default.asp,134,0,0
1559634726696,1233,Checkout_42 /ShopItV60/main.asp,200,"Number of samples in transaction : 8, number of failing samples : 0",Thread Group 1-1,,true,,12433,4211,3,3,null,1230,14,133
1559634727769,280,Search_99 /,200,OK,Thread Group 1-3,text,true,,1463,326,3,3,http://demo.borland.com/,280,0,138
1559634728049,143,Search_105 /TestSite/Index.html,200,OK,Thread Group 1-3,text,true,,1726,380,3,3,http://demo.borland.com/TestSite/Index.html,142,0,0
1559634727926,268,Search_99 /,200,OK,Thread Group 1-2,text,true,,1463,326,3,3,http://demo.borland.com/,267,0,133
1559634727945,282,Search_99 /,200,OK,Thread Group 1-1,text,true,,1463,326,3,3,http://demo.borland.com/,281,0,140
1559634728194,136,Search_105 /TestSite/Index.html,200,OK,Thread Group 1-2,text,true,,1726,380,3,3,http://demo.borland.com/TestSite/Index.html,136,0,0
1559634728192,143,Search_111 /ShopItV60/default.asp,200,OK,Thread Group 1-3,text,true,,1900,401,3,3,http://demo.borland.com/ShopItV60/default.asp,142,0,0
1559634728227,143,Search_105 /TestSite/Index.html,200,OK,Thread Group 1-1,text,true,,1726,380,3,3,http://demo.borland.com/TestSite/Index.html,142,0,0
1559634728331,135,Search_111 /ShopItV60/default.asp,200,OK,Thread Group 1-2,text,true,,1900,401,3,3,http://demo.borland.com/ShopItV60/default.asp,135,0,0
1559634728335,142,Search_119 /ShopItV60/main.asp,200,OK,Thread Group 1-3,text,true,,1251,468,3,3,http://demo.borland.com/ShopItV60/main.asp?from=welcome,141,0,0
1559634728371,142,Search_111 /ShopItV60/default.asp,200,OK,Thread Group 1-1,text,true,,1900,401,3,3,http://demo.borland.com/ShopItV60/default.asp,142,0,0
1559634728467,135,Search_119 /ShopItV60/main.asp,200,OK,Thread Group 1-2,text,true,,1251,468,3,3,http://demo.borland.com/ShopItV60/main.asp?from=welcome,135,0,0
1559634728478,145,Search_121 /ShopItV60/main.asp,200,OK,Thread Group 1-3,text,true,,1693,566,3,3,http://demo.borland.com/ShopItV60/main.asp,145,0,0
1559634728513,142,Search_119 /ShopItV60/main.asp,200,OK,Thread Group 1-1,text,true,,1251,468,3,3,http://demo.borland.com/ShopItV60/main.asp?from=welcome,141,0,0
1559634728603,136,Search_121 /ShopItV60/main.asp,200,OK,Thread Group 1-2,text,true,,1693,566,3,3,http://demo.borland.com/ShopItV60/main.asp,136,0,0
1559634728624,142,Search_122 /ShopItV60/search.asp,200,OK,Thread Group 1-3,text,true,,1438,468,3,3,http://demo.borland.com/ShopItV60/search.asp,141,0,0
1559634728655,143,Search_121 /ShopItV60/main.asp,200,OK,Thread Group 1-1,text,true,,1693,566,3,3,http://demo.borland.com/ShopItV60/main.asp,143,0,0
1559634728740,136,Search_122 /ShopItV60/search.asp,200,OK,Thread Group 1-2,text,true,,1438,468,3,3,http://demo.borland.com/ShopItV60/search.asp,136,0,0
1559634728799,146,Search_122 /ShopItV60/search.asp,200,OK,Thread Group 1-1,text,true,,1438,468,3,3,http://demo.borland.com/ShopItV60/search.asp,144,0,0
1559634728766,316,Search_126 /ShopItV60/checkselection.asp,200,OK,Thread Group 1-3,text,true,,2241,1008,3,3,http://demo.borland.com/ShopItV60/product.asp?code=9,141,0,0
1559634728766,141,Search_126 /ShopItV60/checkselection.asp-0,302,Object moved,Thread Group 1-3,text,true,,428,515,3,3,http://demo.borland.com/ShopItV60/checkselection.asp?product=shirt&Button=Submit+with+GET,141,0,0
1559634728908,174,Search_126 /ShopItV60/checkselection.asp-1,200,OK,Thread Group 1-3,text,true,,1813,493,3,3,http://demo.borland.com/ShopItV60/product.asp?code=9,173,0,0
1559634728877,299,Search_126 /ShopItV60/checkselection.asp,200,OK,Thread Group 1-2,text,true,,2246,1009,3,3,http://demo.borland.com/ShopItV60/product.asp?code=10,135,0,0
1559634728877,135,Search_126 /ShopItV60/checkselection.asp-0,302,Object moved,Thread Group 1-2,text,true,,430,515,3,3,http://demo.borland.com/ShopItV60/checkselection.asp?product=pants&Button=Submit+with+GET,135,0,0
1559634729012,164,Search_126 /ShopItV60/checkselection.asp-1,200,OK,Thread Group 1-2,text,true,,1816,494,3,3,http://demo.borland.com/ShopItV60/product.asp?code=10,163,0,0
1559634729083,190,Search_127 /ShopItV60/product.asp,200,OK,Thread Group 1-3,text,true,,3266,493,3,3,http://demo.borland.com/ShopItV60/product.asp?code=9,188,0,0
1559634729273,0,Search_127 /ShopItV60/product.asp-0,200,OK,Thread Group 1-3,text,true,,1453,0,0,0,null,0,0,0
1559634727768,1501,Search_99 /,200,"Number of samples in transaction : 8, number of failing samples : 0",Thread Group 1-3,,true,,14978,4110,3,3,null,1320,4,138
1559634728950,328,Search_126 /ShopItV60/checkselection.asp,200,OK,Thread Group 1-1,text,true,,2241,1008,3,3,http://demo.borland.com/ShopItV60/product.asp?code=8,142,0,0
1559634728950,142,Search_126 /ShopItV60/checkselection.asp-0,302,Object moved,Thread Group 1-1,text,true,,428,515,3,3,http://demo.borland.com/ShopItV60/checkselection.asp?product=parka&Button=Submit+with+GET,142,0,0
1559634729093,185,Search_126 /ShopItV60/checkselection.asp-1,200,OK,Thread Group 1-1,text,true,,1813,493,3,3,http://demo.borland.com/ShopItV60/product.asp?code=8,185,0,0
1559634729177,163,Search_127 /ShopItV60/product.asp,200,OK,Thread Group 1-2,text,true,,3272,494,3,3,http://demo.borland.com/ShopItV60/product.asp?code=10,162,0,0
1559634729339,1,Search_127 /ShopItV60/product.asp-0,200,OK,Thread Group 1-2,text,true,,1456,0,0,0,null,0,0,0
1559634727924,1408,Search_99 /,200,"Number of samples in transaction : 8, number of failing samples : 0",Thread Group 1-2,,true,,14989,4112,3,3,null,1242,8,133
1559634729274,185,Buy_23 /ShopItV60/basket.asp,200,OK,Thread Group 1-3,text,true,,1652,500,3,3,http://demo.borland.com/ShopItV60/basket.asp?code=9,184,0,0
1559634729273,185,Buy_19 /ShopItV60/main.asp,200,"Number of samples in transaction : 1, number of failing samples : 0",Thread Group 1-3,,true,,1652,500,3,3,null,184,1,0
1559634729279,188,Search_127 /ShopItV60/product.asp,200,OK,Thread Group 1-1,text,true,,3266,493,3,3,http://demo.borland.com/ShopItV60/product.asp?code=8,186,0,0
1559634729466,1,Search_127 /ShopItV60/product.asp-0,200,OK,Thread Group 1-1,text,true,,1453,0,0,0,null,0,0,0
1559634727944,1514,Search_99 /,200,"Number of samples in transaction : 8, number of failing samples : 0",Thread Group 1-1,,true,,14978,4110,3,3,null,1321,9,140
1559634729341,161,Buy_23 /ShopItV60/basket.asp,200,OK,Thread Group 1-2,text,true,,1652,501,3,3,http://demo.borland.com/ShopItV60/basket.asp?code=10,161,0,0
1559634729340,161,Buy_19 /ShopItV60/main.asp,200,"Number of samples in transaction : 1, number of failing samples : 0",Thread Group 1-2,,true,,1652,501,3,3,null,161,2,0
1559634729460,141,Checkout_42 /ShopItV60/main.asp,200,OK,Thread Group 1-3,text,true,,1611,502,3,3,http://demo.borland.com/ShopItV60/main.asp,141,0,0
1559634729468,169,Buy_23 /ShopItV60/basket.asp,200,OK,Thread Group 1-1,text,true,,1653,500,3,3,http://demo.borland.com/ShopItV60/basket.asp?code=8,169,0,0
1559634729467,169,Buy_19 /ShopItV60/main.asp,200,"Number of samples in transaction : 1, number of failing samples : 0",Thread Group 1-1,,true,,1653,500,3,3,null,169,1,0
1559634729503,135,Checkout_42 /ShopItV60/main.asp,200,OK,Thread Group 1-2,text,true,,1611,503,3,3,http://demo.borland.com/ShopItV60/main.asp,135,0,0
1559634729602,144,Checkout_43 /ShopItV60/checkout.asp,200,OK,Thread Group 1-3,text,true,,2017,497,3,3,http://demo.borland.com/ShopItV60/checkout.asp,143,0,0
1559634729639,137,Checkout_43 /ShopItV60/checkout.asp,200,OK,Thread Group 1-2,text,true,,2016,498,3,3,http://demo.borland.com/ShopItV60/checkout.asp,137,0,0
1559634729638,141,Checkout_42 /ShopItV60/main.asp,200,OK,Thread Group 1-1,text,true,,1611,502,3,3,http://demo.borland.com/ShopItV60/main.asp,141,0,0
1559634729752,141,Checkout_44 /ShopItV60/kindofpayment.asp,200,OK,Thread Group 1-3,text,true,,567,549,3,3,http://demo.borland.com/ShopItV60/kindofpayment.asp?choice=CreditCard&price=15.9&sid=750610703,141,0,0
1559634729778,134,Checkout_44 /ShopItV60/kindofpayment.asp,200,OK,Thread Group 1-2,text,true,,566,550,3,3,http://demo.borland.com/ShopItV60/kindofpayment.asp?choice=CreditCard&price=39.9&sid=750610704,134,0,0
1559634729779,144,Checkout_43 /ShopItV60/checkout.asp,200,OK,Thread Group 1-1,text,true,,2018,497,3,3,http://demo.borland.com/ShopItV60/checkout.asp,143,0,0
1559634729913,143,Checkout_45 /ShopItV60/card.asp,200,OK,Thread Group 1-2,text,true,,2173,560,3,3,http://demo.borland.com/ShopItV60/card.asp?sid=750610704,143,0,0
1559634729926,140,Checkout_44 /ShopItV60/kindofpayment.asp,200,OK,Thread Group 1-1,text,true,,567,549,3,3,http://demo.borland.com/ShopItV60/kindofpayment.asp?choice=CreditCard&price=89.9&sid=750610706,140,0,0
1559634729894,262,Checkout_45 /ShopItV60/card.asp,200,OK,Thread Group 1-3,text,true,,2173,559,3,3,http://demo.borland.com/ShopItV60/card.asp?sid=750610703,262,0,127
1559634730157,129,Checkout_47 /ShopItV60/acknowledge.asp,200,OK,Thread Group 1-3,text,true,,1642,716,3,3,http://demo.borland.com/ShopItV60/acknowledge.asp,129,0,0
1559634730067,263,Checkout_45 /ShopItV60/card.asp,200,OK,Thread Group 1-1,text,true,,2173,559,3,3,http://demo.borland.com/ShopItV60/card.asp?sid=750610706,263,0,128
1559634730057,278,Checkout_47 /ShopItV60/acknowledge.asp,200,OK,Thread Group 1-2,text,true,,1642,717,3,3,http://demo.borland.com/ShopItV60/acknowledge.asp,278,0,138
1559634730287,128,Checkout_48 /ShopItV60/thanks.asp,200,OK,Thread Group 1-3,text,true,,1268,502,3,3,http://demo.borland.com/ShopItV60/thanks.asp,128,0,0
1559634730331,131,Checkout_47 /ShopItV60/acknowledge.asp,200,OK,Thread Group 1-1,text,true,,1642,716,3,3,http://demo.borland.com/ShopItV60/acknowledge.asp,131,0,0
1559634730336,139,Checkout_48 /ShopItV60/thanks.asp,200,OK,Thread Group 1-2,text,true,,1269,503,3,3,http://demo.borland.com/ShopItV60/thanks.asp,139,0,0
1559634730417,127,Checkout_49 /ShopItV60/fin.asp,200,OK,Thread Group 1-3,text,true,,1320,412,3,3,http://demo.borland.com/ShopItV60/fin.asp,127,0,0
1559634730462,132,Checkout_48 /ShopItV60/thanks.asp,200,OK,Thread Group 1-1,text,true,,1268,502,3,3,http://demo.borland.com/ShopItV60/thanks.asp,132,0,0
1559634730477,140,Checkout_49 /ShopItV60/fin.asp,200,OK,Thread Group 1-2,text,true,,1320,412,3,3,http://demo.borland.com/ShopItV60/fin.asp,140,0,0
1559634730545,129,Checkout_50 /ShopItV60/default.asp,200,OK,Thread Group 1-3,text,true,,1833,468,3,3,http://demo.borland.com/ShopItV60/default.asp,129,0,0
1559634729459,1201,Checkout_42 /ShopItV60/main.asp,200,"Number of samples in transaction : 8, number of failing samples : 0",Thread Group 1-3,,true,,12431,4205,3,3,null,1200,14,127
1559634730595,129,Checkout_49 /ShopItV60/fin.asp,200,OK,Thread Group 1-1,text,true,,1320,412,3,3,http://demo.borland.com/ShopItV60/fin.asp,129,0,0
1559634730618,140,Checkout_50 /ShopItV60/default.asp,200,OK,Thread Group 1-2,text,true,,1833,468,3,3,http://demo.borland.com/ShopItV60/default.asp,139,0,0
1559634729503,1246,Checkout_42 /ShopItV60/main.asp,200,"Number of samples in transaction : 8, number of failing samples : 0",Thread Group 1-2,,true,,12430,4211,3,3,null,1245,9,138
1559634730725,135,Checkout_50 /ShopItV60/default.asp,200,OK,Thread Group 1-1,text,true,,1833,468,3,3,http://demo.borland.com/ShopItV60/default.asp,135,0,0
1559634729637,1215,Checkout_42 /ShopItV60/main.asp,200,"Number of samples in transaction : 8, number of failing samples : 0",Thread Group 1-1,,true,,12432,4205,3,3,null,1214,9,128
1559634730677,268,Search_99 /,200,OK,Thread Group 1-3,text,true,,1463,326,3,3,http://demo.borland.com/,268,0,133
1559634730761,280,Search_99 /,200,OK,Thread Group 1-2,text,true,,1463,326,3,3,http://demo.borland.com/,280,0,139
1559634730946,136,Search_105 /TestSite/Index.html,200,OK,Thread Group 1-3,text,true,,1726,380,3,3,http://demo.borland.com/TestSite/Index.html,135,0,0
1559634730863,274,Search_99 /,200,OK,Thread Group 1-1,text,true,,1463,326,3,3,http://demo.borland.com/,274,0,136
1559634731041,142,Search_105 /TestSite/Index.html,200,OK,Thread Group 1-2,text,true,,1726,380,3,3,http://demo.borland.com/TestSite/Index.html,142,0,0
1559634731082,136,Search_111 /ShopItV60/default.asp,200,OK,Thread Group 1-3,text,true,,1900,401,3,3,http://demo.borland.com/ShopItV60/default.asp,136,0,0
1559634731137,139,Search_105 /TestSite/Index.html,200,OK,Thread Group 1-1,text,true,,1726,380,3,3,http://demo.borland.com/TestSite/Index.html,138,0,0
1559634731184,141,Search_111 /ShopItV60/default.asp,200,OK,Thread Group 1-2,text,true,,1900,401,3,3,http://demo.borland.com/ShopItV60/default.asp,140,0,0
1559634731219,135,Search_119 /ShopItV60/main.asp,200,OK,Thread Group 1-3,text,true,,1251,468,3,3,http://demo.borland.com/ShopItV60/main.asp?from=welcome,135,0,0
1559634731277,139,Search_111 /ShopItV60/default.asp,200,OK,Thread Group 1-1,text,true,,1900,401,3,3,http://demo.borland.com/ShopItV60/default.asp,138,0,0
1559634731326,141,Search_119 /ShopItV60/main.asp,200,OK,Thread Group 1-2,text,true,,1251,468,3,3,http://demo.borland.com/ShopItV60/main.asp?from=welcome,141,0,0
1559634731355,136,Search_121 /ShopItV60/main.asp,200,OK,Thread Group 1-3,text,true,,1693,566,3,3,http://demo.borland.com/ShopItV60/main.asp,136,0,0
1559634731416,139,Search_119 /ShopItV60/main.asp,200,OK,Thread Group 1-1,text,true,,1251,468,3,3,http://demo.borland.com/ShopItV60/main.asp?from=welcome,138,0,0
1559634731468,141,Search_121 /ShopItV60/main.asp,200,OK,Thread Group 1-2,text,true,,1693,566,3,3,http://demo.borland.com/ShopItV60/main.asp,141,0,0
1559634731492,135,Search_122 /ShopItV60/search.asp,200,OK,Thread Group 1-3,text,true,,1438,468,3,3,http://demo.borland.com/ShopItV60/search.asp,135,0,0
1559634731555,139,Search_121 /ShopItV60/main.asp,200,OK,Thread Group 1-1,text,true,,1693,566,3,3,http://demo.borland.com/ShopItV60/main.asp,139,0,0
1559634731610,141,Search_122 /ShopItV60/search.asp,200,OK,Thread Group 1-2,text,true,,1438,468,3,3,http://demo.borland.com/ShopItV60/search.asp,141,0,0
1559634731695,139,Search_122 /ShopItV60/search.asp,200,OK,Thread Group 1-1,text,true,,1438,468,3,3,http://demo.borland.com/ShopItV60/search.asp,139,0,0
1559634731628,298,Search_126 /ShopItV60/checkselection.asp,200,OK,Thread Group 1-3,text,true,,2241,1008,3,3,http://demo.borland.com/ShopItV60/product.asp?code=9,134,0,0
1559634731628,134,Search_126 /ShopItV60/checkselection.asp-0,302,Object moved,Thread Group 1-3,text,true,,428,515,3,3,http://demo.borland.com/ShopItV60/checkselection.asp?product=shirt&Button=Submit+with+GET,134,0,0
1559634731763,163,Search_126 /ShopItV60/checkselection.asp-1,200,OK,Thread Group 1-3,text,true,,1813,493,3,3,http://demo.borland.com/ShopItV60/product.asp?code=9,162,0,0
1559634731752,308,Search_126 /ShopItV60/checkselection.asp,200,OK,Thread Group 1-2,text,true,,2247,1009,3,3,http://demo.borland.com/ShopItV60/product.asp?code=10,139,0,0
1559634731752,139,Search_126 /ShopItV60/checkselection.asp-0,302,Object moved,Thread Group 1-2,text,true,,430,515,3,3,http://demo.borland.com/ShopItV60/checkselection.asp?product=pants&Button=Submit+with+GET,139,0,0
1559634731892,168,Search_126 /ShopItV60/checkselection.asp-1,200,OK,Thread Group 1-2,text,true,,1817,494,3,3,http://demo.borland.com/ShopItV60/product.asp?code=10,167,0,0
1559634731927,162,Search_127 /ShopItV60/product.asp,200,OK,Thread Group 1-3,text,true,,3266,493,3,3,http://demo.borland.com/ShopItV60/product.asp?code=9,161,0,0
1559634732089,0,Search_127 /ShopItV60/product.asp-0,200,OK,Thread Group 1-3,text,true,,1453,0,0,0,null,0,0,0
1559634730677,1406,Search_99 /,200,"Number of samples in transaction : 8, number of failing samples : 0",Thread Group 1-3,,true,,14978,4110,3,3,null,1240,5,133
1559634731835,302,Search_126 /ShopItV60/checkselection.asp,200,OK,Thread Group 1-1,text,true,,2241,1008,3,3,http://demo.borland.com/ShopItV60/product.asp?code=8,137,0,0
1559634731835,137,Search_126 /ShopItV60/checkselection.asp-0,302,Object moved,Thread Group 1-1,text,true,,428,515,3,3,http://demo.borland.com/ShopItV60/checkselection.asp?product=parka&Button=Submit+with+GET,137,0,0
1559634731972,165,Search_126 /ShopItV60/checkselection.asp-1,200,OK,Thread Group 1-1,text,true,,1813,493,3,3,http://demo.borland.com/ShopItV60/product.asp?code=8,164,0,0
1559634732061,169,Search_127 /ShopItV60/product.asp,200,OK,Thread Group 1-2,text,true,,3273,494,3,3,http://demo.borland.com/ShopItV60/product.asp?code=10,168,0,0
1559634732230,0,Search_127 /ShopItV60/product.asp-0,200,OK,Thread Group 1-2,text,true,,1456,0,0,0,null,0,0,0
1559634730759,1463,Search_99 /,200,"Number of samples in transaction : 8, number of failing samples : 0",Thread Group 1-2,,true,,14991,4112,3,3,null,1292,7,139
1559634732090,161,Buy_23 /ShopItV60/basket.asp,200,OK,Thread Group 1-3,text,true,,1652,500,3,3,http://demo.borland.com/ShopItV60/basket.asp?code=9,161,0,0
1559634732089,161,Buy_19 /ShopItV60/main.asp,200,"Number of samples in transaction : 1, number of failing samples : 0",Thread Group 1-3,,true,,1652,500,3,3,null,161,2,0
1559634732138,166,Search_127 /ShopItV60/product.asp,200,OK,Thread Group 1-1,text,true,,3266,493,3,3,http://demo.borland.com/ShopItV60/product.asp?code=8,165,0,0
1559634732303,1,Search_127 /ShopItV60/product.asp-0,200,OK,Thread Group 1-1,text,true,,1453,0,0,0,null,0,0,0
1559634730862,1437,Search_99 /,200,"Number of samples in transaction : 8, number of failing samples : 0",Thread Group 1-1,,true,,14978,4110,3,3,null,1268,4,136
1559634732252,137,Checkout_42 /ShopItV60/main.asp,200,OK,Thread Group 1-3,text,true,,1611,502,3,3,http://demo.borland.com/ShopItV60/main.asp,137,0,0
1559634732230,168,Buy_23 /ShopItV60/basket.asp,200,OK,Thread Group 1-2,text,true,,1652,501,3,3,http://demo.borland.com/ShopItV60/basket.asp?code=10,168,0,0
1559634732230,168,Buy_19 /ShopItV60/main.asp,200,"Number of samples in transaction : 1, number of failing samples : 0",Thread Group 1-2,,true,,1652,501,3,3,null,168,0,0
1559634732305,165,Buy_23 /ShopItV60/basket.asp,200,OK,Thread Group 1-1,text,true,,1653,500,3,3,http://demo.borland.com/ShopItV60/basket.asp?code=8,165,0,0
1559634732304,165,Buy_19 /ShopItV60/main.asp,200,"Number of samples in transaction : 1, number of failing samples : 0",Thread Group 1-1,,true,,1653,500,3,3,null,165,1,0
1559634732390,137,Checkout_43 /ShopItV60/checkout.asp,200,OK,Thread Group 1-3,text,true,,2017,497,3,3,http://demo.borland.com/ShopItV60/checkout.asp,137,0,0
1559634732398,140,Checkout_42 /ShopItV60/main.asp,200,OK,Thread Group 1-2,text,true,,1611,503,3,3,http://demo.borland.com/ShopItV60/main.asp,140,0,0
1559634732471,138,Checkout_42 /ShopItV60/main.asp,200,OK,Thread Group 1-1,text,true,,1611,502,3,3,http://demo.borland.com/ShopItV60/main.asp,138,0,0
1559634732530,135,Checkout_44 /ShopItV60/kindofpayment.asp,200,OK,Thread Group 1-3,text,true,,567,549,3,3,http://demo.borland.com/ShopItV60/kindofpayment.asp?choice=CreditCard&price=15.9&sid=750610743,134,0,0
1559634732539,142,Checkout_43 /ShopItV60/checkout.asp,200,OK,Thread Group 1-2,text,true,,2017,498,3,3,http://demo.borland.com/ShopItV60/checkout.asp,142,0,0
1559634732610,140,Checkout_43 /ShopItV60/checkout.asp,200,OK,Thread Group 1-1,text,true,,2018,497,3,3,http://demo.borland.com/ShopItV60/checkout.asp,140,0,0
1559634732665,143,Checkout_45 /ShopItV60/card.asp,200,OK,Thread Group 1-3,text,true,,2173,559,3,3,http://demo.borland.com/ShopItV60/card.asp?sid=750610743,143,0,0
1559634732685,139,Checkout_44 /ShopItV60/kindofpayment.asp,200,OK,Thread Group 1-2,text,true,,567,550,3,3,http://demo.borland.com/ShopItV60/kindofpayment.asp?choice=CreditCard&price=39.9&sid=750610746,139,0,0
1559634732755,138,Checkout_44 /ShopItV60/kindofpayment.asp,200,OK,Thread Group 1-1,text,true,,567,549,3,3,http://demo.borland.com/ShopItV60/kindofpayment.asp?choice=CreditCard&price=89.9&sid=750610747,138,0,0
1559634732809,275,Checkout_47 /ShopItV60/acknowledge.asp,200,OK,Thread Group 1-3,text,true,,1642,716,3,3,http://demo.borland.com/ShopItV60/acknowledge.asp,275,0,136
1559634732825,280,Checkout_45 /ShopItV60/card.asp,200,OK,Thread Group 1-2,text,true,,2173,560,3,3,http://demo.borland.com/ShopItV60/card.asp?sid=750610746,280,0,136
1559634732894,287,Checkout_45 /ShopItV60/card.asp,200,OK,Thread Group 1-1,text,true,,2173,559,3,3,http://demo.borland.com/ShopItV60/card.asp?sid=750610747,286,0,139
1559634733085,137,Checkout_48 /ShopItV60/thanks.asp,200,OK,Thread Group 1-3,text,true,,1268,502,3,3,http://demo.borland.com/ShopItV60/thanks.asp,137,0,0
1559634733106,138,Checkout_47 /ShopItV60/acknowledge.asp,200,OK,Thread Group 1-2,text,true,,1642,717,3,3,http://demo.borland.com/ShopItV60/acknowledge.asp,138,0,0
1559634733181,143,Checkout_47 /ShopItV60/acknowledge.asp,200,OK,Thread Group 1-1,text,true,,1642,716,3,3,http://demo.borland.com/ShopItV60/acknowledge.asp,142,0,0
1559634733224,137,Checkout_49 /ShopItV60/fin.asp,200,OK,Thread Group 1-3,text,true,,1320,412,3,3,http://demo.borland.com/ShopItV60/fin.asp,137,0,0
1559634733245,137,Checkout_48 /ShopItV60/thanks.asp,200,OK,Thread Group 1-2,text,true,,1269,503,3,3,http://demo.borland.com/ShopItV60/thanks.asp,137,0,0
1559634733326,141,Checkout_48 /ShopItV60/thanks.asp,200,OK,Thread Group 1-1,text,true,,1268,502,3,3,http://demo.borland.com/ShopItV60/thanks.asp,141,0,0
1559634733362,138,Checkout_50 /ShopItV60/default.asp,200,OK,Thread Group 1-3,text,true,,1833,468,3,3,http://demo.borland.com/ShopItV60/default.asp,138,0,0
1559634732252,1239,Checkout_42 /ShopItV60/main.asp,200,"Number of samples in transaction : 8, number of failing samples : 0",Thread Group 1-3,,true,,12431,4205,3,3,null,1238,9,136
1559634733383,138,Checkout_49 /ShopItV60/fin.asp,200,OK,Thread Group 1-2,text,true,,1320,412,3,3,http://demo.borland.com/ShopItV60/fin.asp,137,0,0
1559634733469,140,Checkout_49 /ShopItV60/fin.asp,200,OK,Thread Group 1-1,text,true,,1320,412,3,3,http://demo.borland.com/ShopItV60/fin.asp,140,0,0
1559634733521,138,Checkout_50 /ShopItV60/default.asp,200,OK,Thread Group 1-2,text,true,,1833,468,3,3,http://demo.borland.com/ShopItV60/default.asp,138,0,0
1559634732398,1252,Checkout_42 /ShopItV60/main.asp,200,"Number of samples in transaction : 8, number of failing samples : 0",Thread Group 1-2,,true,,12432,4211,3,3,null,1251,10,136
1559634733610,141,Checkout_50 /ShopItV60/default.asp,200,OK,Thread Group 1-1,text,true,,1833,468,3,3,http://demo.borland.com/ShopItV60/default.asp,141,0,0
1559634732471,1268,Checkout_42 /ShopItV60/main.asp,200,"Number of samples in transaction : 8, number of failing samples : 0",Thread Group 1-1,,true,,12432,4205,3,3,null,1266,13,139
1559634733503,274,Search_99 /,200,OK,Thread Group 1-3,text,true,,1463,326,3,3,http://demo.borland.com/,274,0,136
1559634733778,139,Search_105 /TestSite/Index.html,200,OK,Thread Group 1-3,text,true,,1726,380,3,3,http://demo.borland.com/TestSite/Index.html,139,0,0
1559634733663,269,Search_99 /,200,OK,Thread Group 1-2,text,true,,1463,326,3,3,http://demo.borland.com/,269,0,133
1559634733753,273,Search_99 /,200,OK,Thread Group 1-1,text,true,,1463,326,3,3,http://demo.borland.com/,273,0,136
1559634733918,138,Search_111 /ShopItV60/default.asp,200,OK,Thread Group 1-3,text,true,,1900,401,3,3,http://demo.borland.com/ShopItV60/default.asp,138,0,0
1559634733933,135,Search_105 /TestSite/Index.html,200,OK,Thread Group 1-2,text,true,,1726,380,3,3,http://demo.borland.com/TestSite/Index.html,135,0,0
1559634734027,137,Search_105 /TestSite/Index.html,200,OK,Thread Group 1-1,text,true,,1726,380,3,3,http://demo.borland.com/TestSite/Index.html,137,0,0
1559634734057,138,Search_119 /ShopItV60/main.asp,200,OK,Thread Group 1-3,text,true,,1251,468,3,3,http://demo.borland.com/ShopItV60/main.asp?from=welcome,138,0,0
1559634734069,135,Search_111 /ShopItV60/default.asp,200,OK,Thread Group 1-2,text,true,,1900,401,3,3,http://demo.borland.com/ShopItV60/default.asp,135,0,0
1559634734165,138,Search_111 /ShopItV60/default.asp,200,OK,Thread Group 1-1,text,true,,1900,401,3,3,http://demo.borland.com/ShopItV60/default.asp,138,0,0
1559634734196,138,Search_121 /ShopItV60/main.asp,200,OK,Thread Group 1-3,text,true,,1693,566,3,3,http://demo.borland.com/ShopItV60/main.asp,138,0,0
1559634734205,135,Search_119 /ShopItV60/main.asp,200,OK,Thread Group 1-2,text,true,,1251,468,3,3,http://demo.borland.com/ShopItV60/main.asp?from=welcome,135,0,0
1559634734304,137,Search_119 /ShopItV60/main.asp,200,OK,Thread Group 1-1,text,true,,1251,468,3,3,http://demo.borland.com/ShopItV60/main.asp?from=welcome,137,0,0
1559634734335,139,Search_122 /ShopItV60/search.asp,200,OK,Thread Group 1-3,text,true,,1438,468,3,3,http://demo.borland.com/ShopItV60/search.asp,139,0,0
1559634734341,136,Search_121 /ShopItV60/main.asp,200,OK,Thread Group 1-2,text,true,,1693,566,3,3,http://demo.borland.com/ShopItV60/main.asp,135,0,0
1559634734441,138,Search_121 /ShopItV60/main.asp,200,OK,Thread Group 1-1,text,true,,1693,566,3,3,http://demo.borland.com/ShopItV60/main.asp,138,0,0
1559634734478,135,Search_122 /ShopItV60/search.asp,200,OK,Thread Group 1-2,text,true,,1438,468,3,3,http://demo.borland.com/ShopItV60/search.asp,135,0,0
1559634734580,138,Search_122 /ShopItV60/search.asp,200,OK,Thread Group 1-1,text,true,,1438,468,3,3,http://demo.borland.com/ShopItV60/search.asp,138,0,0
1559634734475,303,Search_126 /ShopItV60/checkselection.asp,200,OK,Thread Group 1-3,text,true,,2241,1008,3,3,http://demo.borland.com/ShopItV60/product.asp?code=9,136,0,0
1559634734475,136,Search_126 /ShopItV60/checkselection.asp-0,302,Object moved,Thread Group 1-3,text,true,,428,515,3,3,http://demo.borland.com/ShopItV60/checkselection.asp?product=shirt&Button=Submit+with+GET,136,0,0
1559634734612,166,Search_126 /ShopItV60/checkselection.asp-1,200,OK,Thread Group 1-3,text,true,,1813,493,3,3,http://demo.borland.com/ShopItV60/product.asp?code=9,165,0,0
1559634734613,299,Search_126 /ShopItV60/checkselection.asp,200,OK,Thread Group 1-2,text,true,,2247,1009,3,3,http://demo.borland.com/ShopItV60/product.asp?code=10,135,0,0
1559634734613,135,Search_126 /ShopItV60/checkselection.asp-0,302,Object moved,Thread Group 1-2,text,true,,430,515,3,3,http://demo.borland.com/ShopItV60/checkselection.asp?product=pants&Button=Submit+with+GET,135,0,0
1559634734749,163,Search_126 /ShopItV60/checkselection.asp-1,200,OK,Thread Group 1-2,text,true,,1817,494,3,3,http://demo.borland.com/ShopItV60/product.asp?code=10,163,0,0
1559634734779,165,Search_127 /ShopItV60/product.asp,200,OK,Thread Group 1-3,text,true,,3266,493,3,3,http://demo.borland.com/ShopItV60/product.asp?code=9,165,0,0
1559634734944,0,Search_127 /ShopItV60/product.asp-0,200,OK,Thread Group 1-3,text,true,,1453,0,0,0,null,0,0,0
1559634733502,1434,Search_99 /,200,"Number of samples in transaction : 8, number of failing samples : 0",Thread Group 1-3,,true,,14978,4110,3,3,null,1267,9,136
1559634734719,302,Search_126 /ShopItV60/checkselection.asp,200,OK,Thread Group 1-1,text,true,,2241,1008,3,3,http://demo.borland.com/ShopItV60/product.asp?code=8,136,0,0
1559634734719,136,Search_126 /ShopItV60/checkselection.asp-0,302,Object moved,Thread Group 1-1,text,true,,428,515,3,3,http://demo.borland.com/ShopItV60/checkselection.asp?product=parka&Button=Submit+with+GET,136,0,0
1559634734856,165,Search_126 /ShopItV60/checkselection.asp-1,200,OK,Thread Group 1-1,text,true,,1813,493,3,3,http://demo.borland.com/ShopItV60/product.asp?code=8,165,0,0
1559634734913,164,Search_127 /ShopItV60/product.asp,200,OK,Thread Group 1-2,text,true,,3273,494,3,3,http://demo.borland.com/ShopItV60/product.asp?code=10,163,0,0
1559634735077,0,Search_127 /ShopItV60/product.asp-0,200,OK,Thread Group 1-2,text,true,,1456,0,0,0,null,0,0,0
1559634733661,1408,Search_99 /,200,"Number of samples in transaction : 8, number of failing samples : 0",Thread Group 1-2,,true,,14991,4112,3,3,null,1242,9,133
1559634734945,164,Buy_23 /ShopItV60/basket.asp,200,OK,Thread Group 1-3,text,true,,1652,500,3,3,http://demo.borland.com/ShopItV60/basket.asp?code=9,164,0,0
1559634734945,164,Buy_19 /ShopItV60/main.asp,200,"Number of samples in transaction : 1, number of failing samples : 0",Thread Group 1-3,,true,,1652,500,3,3,null,164,1,0
1559634735021,166,Search_127 /ShopItV60/product.asp,200,OK,Thread Group 1-1,text,true,,3266,493,3,3,http://demo.borland.com/ShopItV60/product.asp?code=8,165,0,0
1559634735187,0,Search_127 /ShopItV60/product.asp-0,200,OK,Thread Group 1-1,text,true,,1453,0,0,0,null,0,0,0
1559634733753,1429,Search_99 /,200,"Number of samples in transaction : 8, number of failing samples : 0",Thread Group 1-1,,true,,14978,4110,3,3,null,1262,5,136
1559634735078,161,Buy_23 /ShopItV60/basket.asp,200,OK,Thread Group 1-2,text,true,,1652,501,3,3,http://demo.borland.com/ShopItV60/basket.asp?code=10,161,0,0
1559634735078,161,Buy_19 /ShopItV60/main.asp,200,"Number of samples in transaction : 1, number of failing samples : 0",Thread Group 1-2,,true,,1652,501,3,3,null,161,1,0
1559634735110,138,Checkout_42 /ShopItV60/main.asp,200,OK,Thread Group 1-3,text,true,,1611,502,3,3,http://demo.borland.com/ShopItV60/main.asp,138,0,0
1559634735188,162,Buy_23 /ShopItV60/basket.asp,200,OK,Thread Group 1-1,text,true,,1653,500,3,3,http://demo.borland.com/ShopItV60/basket.asp?code=8,162,0,0
1559634735187,162,Buy_19 /ShopItV60/main.asp,200,"Number of samples in transaction : 1, number of failing samples : 0",Thread Group 1-1,,true,,1653,500,3,3,null,162,2,0
1559634735240,135,Checkout_42 /ShopItV60/main.asp,200,OK,Thread Group 1-2,text,true,,1611,503,3,3,http://demo.borland.com/ShopItV60/main.asp,135,0,0
1559634735248,140,Checkout_43 /ShopItV60/checkout.asp,200,OK,Thread Group 1-3,text,true,,2017,497,3,3,http://demo.borland.com/ShopItV60/checkout.asp,139,0,0
1559634735351,138,Checkout_42 /ShopItV60/main.asp,200,OK,Thread Group 1-1,text,true,,1611,502,3,3,http://demo.borland.com/ShopItV60/main.asp,138,0,0
1559634735376,137,Checkout_43 /ShopItV60/checkout.asp,200,OK,Thread Group 1-2,text,true,,2016,498,3,3,http://demo.borland.com/ShopItV60/checkout.asp,137,0,0
1559634735391,139,Checkout_44 /ShopItV60/kindofpayment.asp,200,OK,Thread Group 1-3,text,true,,567,549,3,3,http://demo.borland.com/ShopItV60/kindofpayment.asp?choice=CreditCard&price=15.9&sid=750610783,139,0,0
1559634735489,140,Checkout_43 /ShopItV60/checkout.asp,200,OK,Thread Group 1-1,text,true,,2018,497,3,3,http://demo.borland.com/ShopItV60/checkout.asp,139,0,0
1559634735516,136,Checkout_44 /ShopItV60/kindofpayment.asp,200,OK,Thread Group 1-2,text,true,,567,550,3,3,http://demo.borland.com/ShopItV60/kindofpayment.asp?choice=CreditCard&price=39.9&sid=750610785,135,0,0
1559634735631,138,Checkout_44 /ShopItV60/kindofpayment.asp,200,OK,Thread Group 1-1,text,true,,567,549,3,3,http://demo.borland.com/ShopItV60/kindofpayment.asp?choice=CreditCard&price=89.9&sid=750610786,137,0,0
1559634735653,144,Checkout_45 /ShopItV60/card.asp,200,OK,Thread Group 1-2,text,true,,2173,560,3,3,http://demo.borland.com/ShopItV60/card.asp?sid=750610785,143,0,0
1559634735530,288,Checkout_45 /ShopItV60/card.asp,200,OK,Thread Group 1-3,text,true,,2173,559,3,3,http://demo.borland.com/ShopItV60/card.asp?sid=750610783,288,0,139
1559634735818,142,Checkout_47 /ShopItV60/acknowledge.asp,200,OK,Thread Group 1-3,text,true,,1642,716,3,3,http://demo.borland.com/ShopItV60/acknowledge.asp,142,0,0
1559634735769,276,Checkout_45 /ShopItV60/card.asp,200,OK,Thread Group 1-1,text,true,,2173,559,3,3,http://demo.borland.com/ShopItV60/card.asp?sid=750610786,275,0,134
1559634735810,270,Checkout_47 /ShopItV60/acknowledge.asp,200,OK,Thread Group 1-2,text,true,,1642,717,3,3,http://demo.borland.com/ShopItV60/acknowledge.asp,270,0,133
1559634735960,141,Checkout_48 /ShopItV60/thanks.asp,200,OK,Thread Group 1-3,text,true,,1268,502,3,3,http://demo.borland.com/ShopItV60/thanks.asp,140,0,0
1559634736045,136,Checkout_47 /ShopItV60/acknowledge.asp,200,OK,Thread Group 1-1,text,true,,1642,716,3,3,http://demo.borland.com/ShopItV60/acknowledge.asp,136,0,0
1559634736081,135,Checkout_48 /ShopItV60/thanks.asp,200,OK,Thread Group 1-2,text,true,,1269,503,3,3,http://demo.borland.com/ShopItV60/thanks.asp,135,0,0
1559634736102,140,Checkout_49 /ShopItV60/fin.asp,200,OK,Thread Group 1-3,text,true,,1320,412,3,3,http://demo.borland.com/ShopItV60/fin.asp,139,0,0
1559634736182,135,Checkout_48 /ShopItV60/thanks.asp,200,OK,Thread Group 1-1,text,true,,1268,502,3,3,http://demo.borland.com/ShopItV60/thanks.asp,135,0,0
1559634736217,141,Checkout_49 /ShopItV60/fin.asp,200,OK,Thread Group 1-2,text,true,,1320,412,3,3,http://demo.borland.com/ShopItV60/fin.asp,135,0,0
1559634736242,141,Checkout_50 /ShopItV60/default.asp,200,OK,Thread Group 1-3,text,true,,1833,468,3,3,http://demo.borland.com/ShopItV60/default.asp,140,0,0
1559634735110,1269,Checkout_42 /ShopItV60/main.asp,200,"Number of samples in transaction : 8, number of failing samples : 0",Thread Group 1-3,,true,,12431,4205,3,3,null,1265,4,139
1559634736318,135,Checkout_49 /ShopItV60/fin.asp,200,OK,Thread Group 1-1,text,true,,1320,412,2,2,http://demo.borland.com/ShopItV60/fin.asp,135,0,0
1559634736359,136,Checkout_50 /ShopItV60/default.asp,200,OK,Thread Group 1-2,text,true,,1833,468,2,2,http://demo.borland.com/ShopItV60/default.asp,136,0,0
1559634735240,1234,Checkout_42 /ShopItV60/main.asp,200,"Number of samples in transaction : 8, number of failing samples : 0",Thread Group 1-2,,true,,12431,4211,2,2,null,1226,21,133
1559634736453,136,Checkout_50 /ShopItV60/default.asp,200,OK,Thread Group 1-1,text,true,,1833,468,1,1,http://demo.borland.com/ShopItV60/default.asp,136,0,0
1559634735351,1234,Checkout_42 /ShopItV60/main.asp,200,"Number of samples in transaction : 8, number of failing samples : 0",Thread Group 1-1,,true,,12432,4205,1,1,null,1231,4,134
